alg,puzzle_size,f%,instance_id,instance_path,ants,threads,q0,rho,bve,safreq,saAccept,saTinit,saTmin,saCooling,commEarly,commLate,commThreshold,timeout,success_rate,time_mean,time_std,iter_mean,with_comm,without_comm
2,25x25,40,9,,10,4,0.9,0.9,0.005,100,1,1.5,0.01,0.995,100,10,200,120,100,0.92522,1.08632,41.29,4,96
2,25x25,40,10,,10,4,0.9,0.9,0.005,100,1,1.5,0.01,0.995,100,10,200,120,100,0.49469,0.33877,22.56,0,100
2,25x25,40,30,,10,4,0.9,0.9,0.005,100,1,1.5,0.01,0.995,100,10,200,120,100,0.72428,0.46851,33.59,1,99
2,25x25,40,50,,10,4,0.9,0.9,0.005,100,1,1.5,0.01,0.995,100,10,200,120,100,0.93223,0.67417,45.51,3,97
2,25x25,40,57,,10,4,0.9,0.9,0.005,100,1,1.5,0.01,0.995,100,10,200,120,100,0.81156,0.65016,39.29,3,97
2,25x25,40,62,,10,4,0.9,0.9,0.005,100,1,1.5,0.01,0.995,100,10,200,120,100,1.13754,1.43089,55.44,7,93
2,25x25,40,79,,10,4,0.9,0.9,0.005,100,1,1.5,0.01,0.995,100,10,200,120,100,0.85365,0.76247,41.36,4,96
2,25x25,40,80,,10,4,0.9,0.9,0.005,100,1,1.5,0.01,0.995,100,10,200,120,100,0.45569,0.3041,22.55,0,100
2,25x25,40,89,,10,4,0.9,0.9,0.005,100,1,1.5,0.01,0.995,100,10,200,120,100,0.56427,0.30129,27.38,0,100
2,25x25,40,99,,10,4,0.9,0.9,0.005,100,1,1.5,0.01,0.995,100,10,200,120,100,0.66495,0.49517,32.2,2,98
2,25x25,45,1,,10,4,0.9,0.9,0.005,100,1,1.5,0.01,0.995,100,10,200,120,76,15.5591,25.27983,676.62,54,22
2,25x25,45,2,,10,4,0.9,0.9,0.005,100,1,1.5,0.01,0.995,100,10,200,120,100,4.41156,11.27019,188.51,37,63
2,25x25,45,3,,10,4,0.9,0.9,0.005,100,1,1.5,0.01,0.995,100,10,200,120,99,2.7014,3.54443,118.17,35,64
2,25x25,45,4,,10,4,0.9,0.9,0.005,100,1,1.5,0.01,0.995,100,10,200,120,99,2.747,4.3656,131.79,36,63
2,25x25,45,6,,10,4,0.9,0.9,0.005,100,1,1.5,0.01,0.995,100,10,200,120,100,3.47276,8.17889,165.84,41,59
2,25x25,45,7,,10,4,0.9,0.9,0.005,100,1,1.5,0.01,0.995,100,10,200,120,100,2.44362,5.42032,103.61,26,74
2,25x25,45,8,,10,4,0.9,0.9,0.005,100,1,1.5,0.01,0.995,100,10,200,120,100,1.05165,1.1843,48.95,10,90
2,25x25,45,11,,10,4,0.9,0.9,0.005,100,1,1.5,0.01,0.995,100,10,200,120,100,1.83031,4.52452,77.83,20,80
2,25x25,45,14,,10,4,0.9,0.9,0.005,100,1,1.5,0.01,0.995,100,10,200,120,100,0.54477,0.39182,26.9,0,100
2,25x25,45,15,,10,4,0.9,0.9,0.005,100,1,1.5,0.01,0.995,100,10,200,120,99,3.71798,4.95918,162.8,51,48
2,25x25,45,16,,10,4,0.9,0.9,0.005,100,1,1.5,0.01,0.995,100,10,200,120,100,1.65502,3.90758,79.62,13,87
2,25x25,45,17,,10,4,0.9,0.9,0.005,100,1,1.5,0.01,0.995,100,10,200,120,100,1.06196,1.88522,55.35,8,92
2,25x25,45,18,,10,4,0.9,0.9,0.005,100,1,1.5,0.01,0.995,100,10,200,120,100,0.60575,0.63774,34.11,5,95
2,25x25,45,19,,10,4,0.9,0.9,0.005,100,1,1.5,0.01,0.995,100,10,200,120,100,3.77232,7.31057,175.26,44,56
2,25x25,45,21,,10,4,0.9,0.9,0.005,100,1,1.5,0.01,0.995,100,10,200,120,99,4.66993,8.45163,187.18,50,49
2,25x25,45,23,,10,4,0.9,0.9,0.005,100,1,1.5,0.01,0.995,100,10,200,120,99,1.45226,1.37524,62.09,16,83
2,25x25,45,24,,10,4,0.9,0.9,0.005,100,1,1.5,0.01,0.995,100,10,200,120,86,15.55983,22.12706,519.22,73,13
2,25x25,45,26,,10,4,0.9,0.9,0.005,100,1,1.5,0.01,0.995,100,10,200,120,99,4.5654,8.98033,110.11,33,66
2,25x25,45,29,,10,4,0.9,0.9,0.005,100,1,1.5,0.01,0.995,100,10,200,120,99,3.9213,5.85207,89.59,22,77
2,25x25,45,32,,10,4,0.9,0.9,0.005,100,1,1.5,0.01,0.995,100,10,200,120,100,2.15992,2.3898,48,10,90
2,25x25,45,33,,10,4,0.9,0.9,0.005,100,1,1.5,0.01,0.995,100,10,200,120,100,2.9849,6.2833,73.94,16,84
2,25x25,45,34,,10,4,0.9,0.9,0.005,100,1,1.5,0.01,0.995,100,10,200,120,87,9.30807,17.74038,214.17,42,45
2,25x25,45,35,,10,4,0.9,0.9,0.005,100,1,1.5,0.01,0.995,100,10,200,120,84,10.99225,16.55646,269.52,52,32
2,25x25,45,36,,10,4,0.9,0.9,0.005,100,1,1.5,0.01,0.995,100,10,200,120,99,6.7234,10.41283,149.29,43,56
2,25x25,45,37,,10,4,0.9,0.9,0.005,100,1,1.5,0.01,0.995,100,10,200,120,99,6.42226,15.12611,142.56,31,68
2,25x25,45,40,,10,4,0.9,0.9,0.005,100,1,1.5,0.01,0.995,100,10,200,120,100,1.67863,1.97253,38.05,5,95
2,25x25,45,41,,10,4,0.9,0.9,0.005,100,1,1.5,0.01,0.995,100,10,200,120,98,4.58982,10.36242,99.16,22,76
2,25x25,45,43,,10,4,0.9,0.9,0.005,100,1,1.5,0.01,0.995,100,10,200,120,86,9.33377,14.506,291.4,56,30
2,25x25,45,46,,10,4,0.9,0.9,0.005,100,1,1.5,0.01,0.995,100,10,200,120,100,0.67672,0.64863,35.28,3,97
2,25x25,45,51,,10,4,0.9,0.9,0.005,100,1,1.5,0.01,0.995,100,10,200,120,100,1.09392,1.17744,59.13,14,86
2,25x25,45,52,,10,4,0.9,0.9,0.005,100,1,1.5,0.01,0.995,100,10,200,120,100,0.64504,0.53726,33.12,2,98
2,25x25,45,54,,10,4,0.9,0.9,0.005,100,1,1.5,0.01,0.995,100,10,200,120,98,3.62551,10.34542,169.54,35,63
2,25x25,45,56,,10,4,0.9,0.9,0.005,100,1,1.5,0.01,0.995,100,10,200,120,100,2.08568,4.8821,97.66,23,77
2,25x25,45,57,,10,4,0.9,0.9,0.005,100,1,1.5,0.01,0.995,100,10,200,120,100,4.06822,7.34515,187.68,49,51
2,25x25,45,58,,10,4,0.9,0.9,0.005,100,1,1.5,0.01,0.995,100,10,200,120,100,3.55334,7.78437,177.04,38,62
2,25x25,45,59,,10,4,0.9,0.9,0.005,100,1,1.5,0.01,0.995,100,10,200,120,100,1.22043,3.03654,61.78,9,91
2,25x25,45,62,,10,4,0.9,0.9,0.005,100,1,1.5,0.01,0.995,100,10,200,120,100,1.29218,1.7413,71.95,22,78
2,25x25,45,63,,10,4,0.9,0.9,0.005,100,1,1.5,0.01,0.995,100,10,200,120,64,18.22559,24.79402,406.3,41,23
2,25x25,45,64,,10,4,0.9,0.9,0.005,100,1,1.5,0.01,0.995,100,10,200,120,100,3.05087,3.24452,74.89,16,84
2,25x25,45,65,,10,4,0.9,0.9,0.005,100,1,1.5,0.01,0.995,100,10,200,120,99,3.30298,4.96157,77.94,17,82
2,25x25,45,67,,10,4,0.9,0.9,0.005,100,1,1.5,0.01,0.995,100,10,200,120,100,3.37743,3.32004,80.71,24,76
2,25x25,45,69,,10,4,0.9,0.9,0.005,100,1,1.5,0.01,0.995,100,10,200,120,94,5.49082,10.49064,137.83,27,67
2,25x25,45,71,,10,4,0.9,0.9,0.005,100,1,1.5,0.01,0.995,100,10,200,120,100,1.91313,1.63216,45.28,5,95
2,25x25,45,72,,10,4,0.9,0.9,0.005,100,1,1.5,0.01,0.995,100,10,200,120,98,9.55633,15.05123,212.36,49,49
2,25x25,45,73,,10,4,0.9,0.9,0.005,100,1,1.5,0.01,0.995,100,10,200,120,100,1.1951,0.90975,30.41,1,99
2,25x25,45,75,,10,4,0.9,0.9,0.005,100,1,1.5,0.01,0.995,100,10,200,120,100,2.7866,3.06946,64.25,16,84
2,25x25,45,76,,10,4,0.9,0.9,0.005,100,1,1.5,0.01,0.995,100,10,200,120,100,1.39291,1.5932,34.68,4,96
2,25x25,45,77,,10,4,0.9,0.9,0.005,100,1,1.5,0.01,0.995,100,10,200,120,87,16.90398,24.71118,379.69,55,32
2,25x25,45,82,,10,4,0.9,0.9,0.005,100,1,1.5,0.01,0.995,100,10,200,120,92,6.70687,15.78063,209.15,35,57
2,25x25,45,83,,10,4,0.9,0.9,0.005,100,1,1.5,0.01,0.995,100,10,200,120,100,0.46295,0.39015,31.69,1,99
2,25x25,45,84,,10,4,0.9,0.9,0.005,100,1,1.5,0.01,0.995,100,10,200,120,98,1.49307,3.62206,89.26,17,81
2,25x25,45,85,,10,4,0.9,0.9,0.005,100,1,1.5,0.01,0.995,100,10,200,120,99,1.83205,1.89349,109.87,36,63
2,25x25,45,86,,10,4,0.9,0.9,0.005,100,1,1.5,0.01,0.995,100,10,200,120,100,2.11775,2.94408,116.38,33,67
2,25x25,45,87,,10,4,0.9,0.9,0.005,100,1,1.5,0.01,0.995,100,10,200,120,100,0.67388,0.73575,44.74,7,93
2,25x25,45,88,,10,4,0.9,0.9,0.005,100,1,1.5,0.01,0.995,100,10,200,120,100,0.82904,1.36215,55.92,12,88
2,25x25,45,89,,10,4,0.9,0.9,0.005,100,1,1.5,0.01,0.995,100,10,200,120,100,3.72227,7.90581,208.51,47,53
2,25x25,45,90,,10,4,0.9,0.9,0.005,100,1,1.5,0.01,0.995,100,10,200,120,100,1.43192,1.90078,87.68,23,77
2,25x25,45,92,,10,4,0.9,0.9,0.005,100,1,1.5,0.01,0.995,100,10,200,120,100,0.46676,0.59848,29.85,3,97
2,25x25,45,93,,10,4,0.9,0.9,0.005,100,1,1.5,0.01,0.995,100,10,200,120,96,3.46759,7.99174,195.89,41,55
2,25x25,45,95,,10,4,0.9,0.9,0.005,100,1,1.5,0.01,0.995,100,10,200,120,94,6.88381,14.64101,356.3,51,43
2,25x25,45,96,,10,4,0.9,0.9,0.005,100,1,1.5,0.01,0.995,100,10,200,120,100,1.26767,1.95333,36.77,5,95
2,25x25,45,97,,10,4,0.9,0.9,0.005,100,1,1.5,0.01,0.995,100,10,200,120,42,24.63031,34.80666,924.98,34,8
2,25x25,45,99,,10,4,0.9,0.9,0.005,100,1,1.5,0.01,0.995,100,10,200,120,100,1.06267,1.25541,60.63,19,81
2,25x25,50,1,,10,4,0.9,0.9,0.005,100,1,1.5,0.01,0.995,100,10,200,120,100,0.17145,0.35979,14.95,3,97
2,25x25,50,9,,10,4,0.9,0.9,0.005,100,1,1.5,0.01,0.995,100,10,200,120,100,1.82415,3.45115,137.17,36,64
2,25x25,50,11,,10,4,0.9,0.9,0.005,100,1,1.5,0.01,0.995,100,10,200,120,100,0.09837,0.12452,10.22,0,100
2,25x25,50,14,,10,4,0.9,0.9,0.005,100,1,1.5,0.01,0.995,100,10,200,120,100,0.27005,0.48299,27.34,7,93
2,25x25,50,16,,10,4,0.9,0.9,0.005,100,1,1.5,0.01,0.995,100,10,200,120,100,0.0889,0.05137,8.02,0,100
2,25x25,50,17,,10,4,0.9,0.9,0.005,100,1,1.5,0.01,0.995,100,10,200,120,96,0.3279,0.48408,31.16,8,88
2,25x25,50,18,,10,4,0.9,0.9,0.005,100,1,1.5,0.01,0.995,100,10,200,120,61,2.08265,8.73367,128.64,11,50
2,25x25,50,21,,10,4,0.9,0.9,0.005,100,1,1.5,0.01,0.995,100,10,200,120,100,0.05838,0.04006,6.39,0,100
2,25x25,50,26,,10,4,0.9,0.9,0.005,100,1,1.5,0.01,0.995,100,10,200,120,89,1.85093,4.77201,146.24,16,73
2,25x25,50,29,,10,4,0.9,0.9,0.005,100,1,1.5,0.01,0.995,100,10,200,120,100,0.41491,0.65104,31.86,8,92
2,25x25,50,34,,10,4,0.9,0.9,0.005,100,1,1.5,0.01,0.995,100,10,200,120,99,1.58505,4.36507,95.09,21,78
2,25x25,50,44,,10,4,0.9,0.9,0.005,100,1,1.5,0.01,0.995,100,10,200,120,100,0.16723,0.43134,14.46,1,99
2,25x25,50,50,,10,4,0.9,0.9,0.005,100,1,1.5,0.01,0.995,100,10,200,120,100,2.03957,11.62065,118.25,18,82
2,25x25,50,51,,10,4,0.9,0.9,0.005,100,1,1.5,0.01,0.995,100,10,200,120,81,1.42308,2.49399,104.33,26,55
2,25x25,50,57,,10,4,0.9,0.9,0.005,100,1,1.5,0.01,0.995,100,10,200,120,98,2.17021,6.45655,143.21,25,73
2,25x25,50,64,,10,4,0.9,0.9,0.005,100,1,1.5,0.01,0.995,100,10,200,120,100,0.48308,1.30382,44.38,12,88
2,25x25,50,69,,10,4,0.9,0.9,0.005,100,1,1.5,0.01,0.995,100,10,200,120,100,2.09706,7.36934,153,33,67
2,25x25,50,71,,10,4,0.9,0.9,0.005,100,1,1.5,0.01,0.995,100,10,200,120,100,0.16835,0.1719,16.12,1,99
2,25x25,50,80,,10,4,0.9,0.9,0.005,100,1,1.5,0.01,0.995,100,10,200,120,100,0.41659,1.49284,36.14,10,90
2,25x25,50,82,,10,4,0.9,0.9,0.005,100,1,1.5,0.01,0.995,100,10,200,120,100,0.65175,3.72153,46.56,4,96
2,25x25,50,83,,10,4,0.9,0.9,0.005,100,1,1.5,0.01,0.995,100,10,200,120,99,0.2253,0.28166,20.64,2,97
2,25x25,50,86,,10,4,0.9,0.9,0.005,100,1,1.5,0.01,0.995,100,10,200,120,100,0.17246,0.13527,19.26,0,100
2,25x25,50,91,,10,4,0.9,0.9,0.005,100,1,1.5,0.01,0.995,100,10,200,120,95,3.21659,14.56736,179.23,8,87
2,25x25,50,92,,10,4,0.9,0.9,0.005,100,1,1.5,0.01,0.995,100,10,200,120,100,0.05726,0.0449,6.84,0,100
2,25x25,50,93,,10,4,0.9,0.9,0.005,100,1,1.5,0.01,0.995,100,10,200,120,100,2.51609,8.73839,165.53,15,85
2,25x25,50,94,,10,4,0.9,0.9,0.005,100,1,1.5,0.01,0.995,100,10,200,120,100,2.67382,11.6906,152.5,16,84
2,25x25,50,99,,10,4,0.9,0.9,0.005,100,1,1.5,0.01,0.995,100,10,200,120,100,1.96391,5.72469,131.05,17,83
,,,,,,,,,,,,,,,,,,,96.87,3.092215,5.6032629,116.8453,,
