alg,puzzle_size,f%,instance_id,instance_path,ants,threads,q0,rho,bve,xi,safreq,saAccept,saTinit,saTmin,saCooling,commEarly,commLate,commThreshold,timeout,success_rate,time_mean,time_std,iter_mean,with_comm,without_comm
2,16x16,,2203,,25,4,0.7,0.7,0.0075,0.5,25,1,5.75,0.01,0.995,60,25,100,180.0,100.0,0.02432,0.0,3.0,0,1
2,16x16,,2205,,25,4,0.7,0.7,0.0075,0.5,25,1,5.75,0.01,0.995,60,25,100,180.0,100.0,0.02482,0.0,2.0,0,1
2,16x16,,2211,,25,4,0.7,0.7,0.0075,0.5,25,1,5.75,0.01,0.995,60,25,100,180.0,100.0,0.01467,0.0,2.0,0,1
2,16x16,,2214,,25,4,0.7,0.7,0.0075,0.5,25,1,5.75,0.01,0.995,60,25,100,180.0,100.0,0.05252,0.0,5.0,0,1
2,16x16,,2223,,25,4,0.7,0.7,0.0075,0.5,25,1,5.75,0.01,0.995,60,25,100,180.0,100.0,0.04401,0.0,5.0,0,1
2,16x16,,2228,,25,4,0.7,0.7,0.0075,0.5,25,1,5.75,0.01,0.995,60,25,100,180.0,100.0,0.03286,0.0,3.0,0,1
2,16x16,,2230,,25,4,0.7,0.7,0.0075,0.5,25,1,5.75,0.01,0.995,60,25,100,180.0,100.0,0.0429,0.0,5.0,0,1
2,16x16,,2233,,25,4,0.7,0.7,0.0075,0.5,25,1,5.75,0.01,0.995,60,25,100,180.0,100.0,0.02191,0.0,2.0,0,1
2,16x16,,2234,,25,4,0.7,0.7,0.0075,0.5,25,1,5.75,0.01,0.995,60,25,100,180.0,100.0,0.04905,0.0,5.0,0,1
2,16x16,,2237,,25,4,0.7,0.7,0.0075,0.5,25,1,5.75,0.01,0.995,60,25,100,180.0,100.0,0.06806,0.0,5.0,0,1
2,16x16,,2251,,25,4,0.7,0.7,0.0075,0.5,25,1,5.75,0.01,0.995,60,25,100,180.0,100.0,0.06264,0.0,3.0,0,1
2,16x16,,2256,,25,4,0.7,0.7,0.0075,0.5,25,1,5.75,0.01,0.995,60,25,100,180.0,100.0,0.11138,0.0,9.0,0,1
2,16x16,,2265,,25,4,0.7,0.7,0.0075,0.5,25,1,5.75,0.01,0.995,60,25,100,180.0,100.0,0.02234,0.0,2.0,0,1
2,16x16,,2280,,25,4,0.7,0.7,0.0075,0.5,25,1,5.75,0.01,0.995,60,25,100,180.0,100.0,0.02292,0.0,3.0,0,1
2,16x16,,2281,,25,4,0.7,0.7,0.0075,0.5,25,1,5.75,0.01,0.995,60,25,100,180.0,100.0,0.02517,0.0,3.0,0,1
2,16x16,,2288,,25,4,0.7,0.7,0.0075,0.5,25,1,5.75,0.01,0.995,60,25,100,180.0,100.0,0.0522,0.0,5.0,0,1
2,16x16,,2291,,25,4,0.7,0.7,0.0075,0.5,25,1,5.75,0.01,0.995,60,25,100,180.0,100.0,0.01149,0.0,1.0,0,1
2,16x16,,2292,,25,4,0.7,0.7,0.0075,0.5,25,1,5.75,0.01,0.995,60,25,100,180.0,100.0,0.10575,0.0,12.0,0,1
2,16x16,,2297,,25,4,0.7,0.7,0.0075,0.5,25,1,5.75,0.01,0.995,60,25,100,180.0,100.0,0.0675,0.0,6.0,0,1
2,16x16,,2300,,25,4,0.7,0.7,0.0075,0.5,25,1,5.75,0.01,0.995,60,25,100,180.0,100.0,0.01606,0.0,2.0,0,1
2,16x16,,2314,,25,4,0.7,0.7,0.0075,0.5,25,1,5.75,0.01,0.995,60,25,100,180.0,100.0,0.01959,0.0,2.0,0,1
2,16x16,,2330,,25,4,0.7,0.7,0.0075,0.5,25,1,5.75,0.01,0.995,60,25,100,180.0,100.0,0.01046,0.0,1.0,0,1
2,16x16,,2333,,25,4,0.7,0.7,0.0075,0.5,25,1,5.75,0.01,0.995,60,25,100,180.0,100.0,0.02306,0.0,2.0,0,1
2,16x16,,2338,,25,4,0.7,0.7,0.0075,0.5,25,1,5.75,0.01,0.995,60,25,100,180.0,100.0,0.03373,0.0,3.0,0,1
2,16x16,,2349,,25,4,0.7,0.7,0.0075,0.5,25,1,5.75,0.01,0.995,60,25,100,180.0,100.0,0.05242,0.0,5.0,0,1
2,16x16,,2350,,25,4,0.7,0.7,0.0075,0.5,25,1,5.75,0.01,0.995,60,25,100,180.0,100.0,0.03106,0.0,3.0,0,1
2,16x16,,2354,,25,4,0.7,0.7,0.0075,0.5,25,1,5.75,0.01,0.995,60,25,100,180.0,100.0,2.4339,0.0,204.0,1,0
2,16x16,,2355,,25,4,0.7,0.7,0.0075,0.5,25,1,5.75,0.01,0.995,60,25,100,180.0,100.0,0.018,0.0,2.0,0,1
2,16x16,,2357,,25,4,0.7,0.7,0.0075,0.5,25,1,5.75,0.01,0.995,60,25,100,180.0,100.0,0.02712,0.0,3.0,0,1
2,16x16,,2367,,25,4,0.7,0.7,0.0075,0.5,25,1,5.75,0.01,0.995,60,25,100,180.0,100.0,0.02361,0.0,3.0,0,1
2,16x16,,2370,,25,4,0.7,0.7,0.0075,0.5,25,1,5.75,0.01,0.995,60,25,100,180.0,100.0,0.00918,0.0,1.0,0,1
2,16x16,,2371,,25,4,0.7,0.7,0.0075,0.5,25,1,5.75,0.01,0.995,60,25,100,180.0,100.0,0.05224,0.0,7.0,0,1
2,16x16,,2374,,25,4,0.7,0.7,0.0075,0.5,25,1,5.75,0.01,0.995,60,25,100,180.0,100.0,0.02872,0.0,3.0,0,1
2,16x16,,2379,,25,4,0.7,0.7,0.0075,0.5,25,1,5.75,0.01,0.995,60,25,100,180.0,100.0,0.03735,0.0,4.0,0,1
2,16x16,,2383,,25,4,0.7,0.7,0.0075,0.5,25,1,5.75,0.01,0.995,60,25,100,180.0,100.0,0.02135,0.0,3.0,0,1
2,16x16,,2388,,25,4,0.7,0.7,0.0075,0.5,25,1,5.75,0.01,0.995,60,25,100,180.0,100.0,0.00939,0.0,1.0,0,1
2,16x16,,2390,,25,4,0.7,0.7,0.0075,0.5,25,1,5.75,0.01,0.995,60,25,100,180.0,100.0,0.04272,0.0,6.0,0,1
2,16x16,,2395,,25,4,0.7,0.7,0.0075,0.5,25,1,5.75,0.01,0.995,60,25,100,180.0,100.0,0.01644,0.0,2.0,0,1
2,16x16,,2405,,25,4,0.7,0.7,0.0075,0.5,25,1,5.75,0.01,0.995,60,25,100,180.0,100.0,0.76579,0.0,69.0,1,0
2,16x16,,2407,,25,4,0.7,0.7,0.0075,0.5,25,1,5.75,0.01,0.995,60,25,100,180.0,100.0,0.01732,0.0,2.0,0,1
2,16x16,,2411,,25,4,0.7,0.7,0.0075,0.5,25,1,5.75,0.01,0.995,60,25,100,180.0,100.0,0.03045,0.0,3.0,0,1
2,16x16,,2418,,25,4,0.7,0.7,0.0075,0.5,25,1,5.75,0.01,0.995,60,25,100,180.0,100.0,0.02462,0.0,3.0,0,1
2,16x16,,2435,,25,4,0.7,0.7,0.0075,0.5,25,1,5.75,0.01,0.995,60,25,100,180.0,100.0,0.01154,0.0,1.0,0,1
2,16x16,,2436,,25,4,0.7,0.7,0.0075,0.5,25,1,5.75,0.01,0.995,60,25,100,180.0,100.0,0.04502,0.0,5.0,0,1
2,16x16,,2443,,25,4,0.7,0.7,0.0075,0.5,25,1,5.75,0.01,0.995,60,25,100,180.0,100.0,0.02143,0.0,3.0,0,1
2,16x16,,2446,,25,4,0.7,0.7,0.0075,0.5,25,1,5.75,0.01,0.995,60,25,100,180.0,100.0,0.01568,0.0,2.0,0,1
2,16x16,,2448,,25,4,0.7,0.7,0.0075,0.5,25,1,5.75,0.01,0.995,60,25,100,180.0,100.0,0.03268,0.0,4.0,0,1
2,16x16,,2449,,25,4,0.7,0.7,0.0075,0.5,25,1,5.75,0.01,0.995,60,25,100,180.0,100.0,0.02055,0.0,2.0,0,1
2,16x16,,2451,,25,4,0.7,0.7,0.0075,0.5,25,1,5.75,0.01,0.995,60,25,100,180.0,100.0,0.00925,0.0,1.0,0,1
2,16x16,,2452,,25,4,0.7,0.7,0.0075,0.5,25,1,5.75,0.01,0.995,60,25,100,180.0,100.0,0.02608,0.0,3.0,0,1
2,16x16,,2454,,25,4,0.7,0.7,0.0075,0.5,25,1,5.75,0.01,0.995,60,25,100,180.0,100.0,0.01441,0.0,2.0,0,1
2,16x16,,2456,,25,4,0.7,0.7,0.0075,0.5,25,1,5.75,0.01,0.995,60,25,100,180.0,100.0,0.02273,0.0,3.0,0,1
2,16x16,,2467,,25,4,0.7,0.7,0.0075,0.5,25,1,5.75,0.01,0.995,60,25,100,180.0,100.0,0.01769,0.0,3.0,0,1
2,16x16,,2468,,25,4,0.7,0.7,0.0075,0.5,25,1,5.75,0.01,0.995,60,25,100,180.0,100.0,0.01779,0.0,2.0,0,1
2,16x16,,2471,,25,4,0.7,0.7,0.0075,0.5,25,1,5.75,0.01,0.995,60,25,100,180.0,100.0,0.00858,0.0,1.0,0,1
2,16x16,,2475,,25,4,0.7,0.7,0.0075,0.5,25,1,5.75,0.01,0.995,60,25,100,180.0,100.0,0.0156,0.0,2.0,0,1
2,16x16,,2477,,25,4,0.7,0.7,0.0075,0.5,25,1,5.75,0.01,0.995,60,25,100,180.0,100.0,0.02204,0.0,3.0,0,1
2,16x16,,2478,,25,4,0.7,0.7,0.0075,0.5,25,1,5.75,0.01,0.995,60,25,100,180.0,100.0,0.0242,0.0,2.0,0,1
2,16x16,,2483,,25,4,0.7,0.7,0.0075,0.5,25,1,5.75,0.01,0.995,60,25,100,180.0,100.0,0.03,0.0,3.0,0,1
2,16x16,,2491,,25,4,0.7,0.7,0.0075,0.5,25,1,5.75,0.01,0.995,60,25,100,180.0,100.0,0.01406,0.0,2.0,0,1
2,16x16,,2507,,25,4,0.7,0.7,0.0075,0.5,25,1,5.75,0.01,0.995,60,25,100,180.0,100.0,0.02239,0.0,3.0,0,1
2,16x16,,2522,,25,4,0.7,0.7,0.0075,0.5,25,1,5.75,0.01,0.995,60,25,100,180.0,100.0,0.02229,0.0,2.0,0,1
2,16x16,,2525,,25,4,0.7,0.7,0.0075,0.5,25,1,5.75,0.01,0.995,60,25,100,180.0,100.0,0.05942,0.0,6.0,0,1
2,16x16,,2526,,25,4,0.7,0.7,0.0075,0.5,25,1,5.75,0.01,0.995,60,25,100,180.0,100.0,0.02372,0.0,2.0,0,1
2,16x16,,2534,,25,4,0.7,0.7,0.0075,0.5,25,1,5.75,0.01,0.995,60,25,100,180.0,100.0,0.026,0.0,3.0,0,1
2,16x16,,2536,,25,4,0.7,0.7,0.0075,0.5,25,1,5.75,0.01,0.995,60,25,100,180.0,100.0,0.0251,0.0,3.0,0,1
2,16x16,,2544,,25,4,0.7,0.7,0.0075,0.5,25,1,5.75,0.01,0.995,60,25,100,180.0,100.0,0.02959,0.0,3.0,0,1
2,16x16,,2558,,25,4,0.7,0.7,0.0075,0.5,25,1,5.75,0.01,0.995,60,25,100,180.0,100.0,0.02663,0.0,3.0,0,1
2,16x16,,2561,,25,4,0.7,0.7,0.0075,0.5,25,1,5.75,0.01,0.995,60,25,100,180.0,100.0,0.02751,0.0,3.0,0,1
2,16x16,,2563,,25,4,0.7,0.7,0.0075,0.5,25,1,5.75,0.01,0.995,60,25,100,180.0,100.0,0.0214,0.0,2.0,0,1
2,16x16,,2567,,25,4,0.7,0.7,0.0075,0.5,25,1,5.75,0.01,0.995,60,25,100,180.0,100.0,0.07933,0.0,7.0,0,1
2,16x16,,2570,,25,4,0.7,0.7,0.0075,0.5,25,1,5.75,0.01,0.995,60,25,100,180.0,100.0,0.0192,0.0,2.0,0,1
2,16x16,,2571,,25,4,0.7,0.7,0.0075,0.5,25,1,5.75,0.01,0.995,60,25,100,180.0,100.0,0.02435,0.0,2.0,0,1
2,16x16,,2572,,25,4,0.7,0.7,0.0075,0.5,25,1,5.75,0.01,0.995,60,25,100,180.0,100.0,0.03754,0.0,5.0,0,1
2,16x16,,2590,,25,4,0.7,0.7,0.0075,0.5,25,1,5.75,0.01,0.995,60,25,100,180.0,100.0,0.04239,0.0,5.0,0,1
2,16x16,,2602,,25,4,0.7,0.7,0.0075,0.5,25,1,5.75,0.01,0.995,60,25,100,180.0,100.0,0.00974,0.0,1.0,0,1
2,16x16,,2623,,25,4,0.7,0.7,0.0075,0.5,25,1,5.75,0.01,0.995,60,25,100,180.0,100.0,0.02696,0.0,3.0,0,1
2,16x16,,2669,,25,4,0.7,0.7,0.0075,0.5,25,1,5.75,0.01,0.995,60,25,100,180.0,100.0,0.08697,0.0,9.0,0,1
2,16x16,,2686,,25,4,0.7,0.7,0.0075,0.5,25,1,5.75,0.01,0.995,60,25,100,180.0,100.0,0.01124,0.0,1.0,0,1
2,16x16,,2733,,25,4,0.7,0.7,0.0075,0.5,25,1,5.75,0.01,0.995,60,25,100,180.0,100.0,0.03738,0.0,5.0,0,1
2,16x16,,2747,,25,4,0.7,0.7,0.0075,0.5,25,1,5.75,0.01,0.995,60,25,100,180.0,100.0,0.03186,0.0,3.0,0,1
2,16x16,,2755,,25,4,0.7,0.7,0.0075,0.5,25,1,5.75,0.01,0.995,60,25,100,180.0,100.0,0.04254,0.0,4.0,0,1
2,16x16,,2756,,25,4,0.7,0.7,0.0075,0.5,25,1,5.75,0.01,0.995,60,25,100,180.0,100.0,0.05409,0.0,5.0,0,1
2,16x16,,2778,,25,4,0.7,0.7,0.0075,0.5,25,1,5.75,0.01,0.995,60,25,100,180.0,100.0,0.01802,0.0,2.0,0,1
2,16x16,,2779,,25,4,0.7,0.7,0.0075,0.5,25,1,5.75,0.01,0.995,60,25,100,180.0,100.0,0.01043,0.0,1.0,0,1
2,16x16,,2851,,25,4,0.7,0.7,0.0075,0.5,25,1,5.75,0.01,0.995,60,25,100,180.0,100.0,0.03543,0.0,4.0,0,1
2,16x16,,2862,,25,4,0.7,0.7,0.0075,0.5,25,1,5.75,0.01,0.995,60,25,100,180.0,100.0,0.01108,0.0,1.0,0,1
2,16x16,,2875,,25,4,0.7,0.7,0.0075,0.5,25,1,5.75,0.01,0.995,60,25,100,180.0,100.0,0.03101,0.0,3.0,0,1
2,16x16,,2904,,25,4,0.7,0.7,0.0075,0.5,25,1,5.75,0.01,0.995,60,25,100,180.0,100.0,0.03439,0.0,3.0,0,1
2,16x16,,2910,,25,4,0.7,0.7,0.0075,0.5,25,1,5.75,0.01,0.995,60,25,100,180.0,100.0,0.01794,0.0,2.0,0,1
2,16x16,,2924,,25,4,0.7,0.7,0.0075,0.5,25,1,5.75,0.01,0.995,60,25,100,180.0,100.0,0.01777,0.0,2.0,0,1
2,16x16,,2933,,25,4,0.7,0.7,0.0075,0.5,25,1,5.75,0.01,0.995,60,25,100,180.0,100.0,0.02421,0.0,2.0,0,1
2,16x16,,2935,,25,4,0.7,0.7,0.0075,0.5,25,1,5.75,0.01,0.995,60,25,100,180.0,100.0,0.02036,0.0,3.0,0,1
2,16x16,,2940,,25,4,0.7,0.7,0.0075,0.5,25,1,5.75,0.01,0.995,60,25,100,180.0,100.0,0.02586,0.0,3.0,0,1
2,16x16,,2943,,25,4,0.7,0.7,0.0075,0.5,25,1,5.75,0.01,0.995,60,25,100,180.0,100.0,0.01512,0.0,2.0,0,1
2,16x16,,2964,,25,4,0.7,0.7,0.0075,0.5,25,1,5.75,0.01,0.995,60,25,100,180.0,100.0,0.02499,0.0,3.0,0,1
2,16x16,,2971,,25,4,0.7,0.7,0.0075,0.5,25,1,5.75,0.01,0.995,60,25,100,180.0,100.0,0.0473,0.0,4.0,0,1
2,16x16,,2973,,25,4,0.7,0.7,0.0075,0.5,25,1,5.75,0.01,0.995,60,25,100,180.0,100.0,0.05207,0.0,6.0,0,1
2,16x16,,2978,,25,4,0.7,0.7,0.0075,0.5,25,1,5.75,0.01,0.995,60,25,100,180.0,100.0,0.02616,0.0,3.0,0,1
2,16x16,,2985,,25,4,0.7,0.7,0.0075,0.5,25,1,5.75,0.01,0.995,60,25,100,180.0,100.0,0.03046,0.0,3.0,0,1
